timestamp,user,action,target,details
2025-06-15 18:37:21.432552,user,ASK,,What is hypertext augmentation?
2025-06-15 18:42:51.783336,user,ASK,,How can I best love a woman?
2025-06-15 20:41:57.331143,user,ASK,,How can I view files on the disk?
2025-06-15 20:43:20.675172,user,EDIT,1.0,
2025-06-15 20:44:06.118826,user,EDIT,2.0,
2025-06-15 20:45:30.051749,user,NEW,1.0,
2025-06-15 20:45:42.156502,user,NEW,2.0,How are you today?
2025-06-15 20:46:20.201899,user,NEW,3.0,One way to make this system better would be to add command line history. Another way would be to allow it to read files from the disk.
2025-06-15 20:46:40.723326,user,EDIT,3.0,
2025-06-15 20:46:58.650512,user,EDIT,3.0,
2025-06-15 20:55:49.818307,user,EDIT,1.0,
2025-06-15 20:56:04.034155,user,EDIT,1.0,
2025-06-15 21:04:27.757126,user,EDIT,1.0,
2025-06-15 21:27:41.351124,user,EDIT,1.0,
2025-06-15 21:28:23.038125,user,EDIT,2.0,
2025-06-15 21:28:46.742522,user,EDIT,2.0,
2025-06-15 21:29:47.126619,user,LOAD,4.0,How_to_best_love_a_woman
2025-06-15 21:32:39.691092,user,EDIT,3.0,
2025-06-15 21:33:17.152370,user,FOLLOW,4.0,
2025-06-15 21:33:22.768611,user,FOLLOW,2.0,
2025-06-15 21:33:27.672825,user,FOLLOW,1.0,
2025-06-15 21:34:12.804593,user,EDIT,1.0,
2025-06-15 21:36:15.483950,user,FOLLOW,1.0,
2025-06-15 21:38:52.145552,user,ASK,,"""How can I create a system that works like Doug Englebart's NLS in ""the mother of all demos"" using python?"
2025-06-15 21:40:42.787997,user,LOAD,5.0,5
2025-06-15 21:41:34.621001,user,EDIT,5.0,
2025-06-15 21:45:35.823997,user,LOAD,6.0,demokit_ai_bootstrap_installer_final_clean.py
2025-06-15 21:46:25.529291,user,ASK,,How can a mouse be added to a python NLS project?
2025-06-15 21:46:58.442786,user,LOAD,7.0,Mouse-HOWTO
2025-06-15 21:48:09.516060,user,SUMMARIZE,7.0,
2025-06-15 21:48:52.080343,user,LOAD,8.0,7-DSC
2025-06-15 21:49:12.387169,user,SUMMARIZE,1.0,
2025-06-15 21:49:36.796235,user,LOAD,9.0,1-DSC
2025-06-15 21:49:56.266605,user,SUMMARIZE,5.0,
2025-06-15 21:50:27.148523,user,LOAD,10.0,5-DSC
2025-06-15 21:50:44.502963,user,LOAD,11.0,main.py
2025-06-15 21:59:49.342243,user,SUMMARIZE,11.0,
2025-06-15 22:00:14.922822,user,LOAD,12.0,11-DSC
2025-06-15 22:01:02.944834,user,FOLLOW,4.0,
2025-06-15 22:01:10.368754,user,FOLLOW,1.0,
2025-06-15 22:01:17.345437,user,FOLLOW,10.0,
2025-06-15 22:22:12.266092,user,SUGGESTLINKS,12.0,
2025-06-15 22:22:46.532347,user,EDIT,12.0,
2025-06-15 22:23:10.905112,user,FOLLOW,3.0,
2025-06-15 22:23:25.505464,user,FOLLOW,4.0,
2025-06-15 22:23:53.135912,user,LOAD,13.0,google_system.py
2025-06-15 22:24:33.371963,user,NEW,14.0,Banner
2025-06-15 22:43:12.304451,user,SUGGESTLINKS,1.0,
2025-06-15 23:11:18.682958,user,LOAD,15.0,1LINKS
2025-06-15 23:12:07.848004,user,CONTEXTASK,4.0,Should a woman be pursued?
2025-06-15 23:13:14.195048,user,LOAD,16.0,Should_a_woman_be_Pursued
2025-06-15 23:13:25.750565,user,SUGGESTLINKS,16.0,
2025-06-15 23:13:56.095638,user,EDIT,16.0,
2025-06-15 23:14:09.036256,user,FOLLOW,4.0,
2025-06-15 23:14:37.072654,user,CONTEXTASK,4.0,Do woman want sex?
2025-06-15 23:15:47.256440,user,LOAD,17.0,Morality_of_Sex
2025-06-15 23:16:10.896098,user,EDIT,17.0,
2025-06-15 23:16:19.265394,user,SUGGESTLINKS,17.0,
2025-06-15 23:16:40.392811,user,EDIT,17.0,
2025-06-15 23:16:56.460276,user,FOLLOW,17.0,
2025-06-16 09:14:49.110646,user,SUMMARIZE,16.0,
2025-06-16 09:15:55.025231,user,SUMMARIZE,14.0,
2025-06-16 09:17:06.071656,user,EDIT,14.0,
2025-06-16 09:17:12.542032,user,SUMMARIZE,14.0,
2025-06-16 09:25:40.879731,user,LOAD,18.0,graph.csv
2025-06-16 09:26:24.287148,user,ASK,,What's the best way to streamline a terminal application?
2025-06-16 09:27:15.042384,user,LOAD,19.0,Streamline_a_terminal_App
2025-06-16 09:27:27.562429,user,SUMMARIZE,19.0,
2025-06-16 11:21:41.974829,user,ASK,,How is hypertext standardized?
2025-06-16 11:23:54.494461,user,LOAD,20,Woman_in_Grateful_Dead_Attire.txt
2025-06-16 11:24:34.930584,user,SUGGESTLINKS,20,
2025-06-16 11:25:02.636346,user,INSERTLINKS,20,
2025-06-16 11:25:08.347606,user,FOLLOW,19,
2025-06-16 11:25:52.134096,user,FOLLOW,16,
2025-06-16 11:26:15.769752,user,ASK,,Do women like sex?
2025-06-16 11:27:30.701095,user,LOAD,21,Women_and_Desire
2025-06-16 11:28:02.031997,user,SUMMARIZE,21,
2025-06-16 12:30:38.663814,user,EDIT,1,
2025-06-16 12:30:48.660446,user,SUMMARIZE,1,
2025-06-16 12:33:16.932695,user,ASK,,How can I install a lint for python code on Ubuntu 32 bit?
